﻿<?xml version="1.0"?>
<doc>
<assembly>
<name>
DateSelectControl
</name>
</assembly>
<members>
<member name="P:DateSelectControl.My.Resources.MainResource.ResourceManager">
	<summary>
  Returns the cached ResourceManager instance used by this class.
</summary>
</member><member name="P:DateSelectControl.My.Resources.MainResource.Culture">
	<summary>
  Overrides the current thread's CurrentUICulture property for all
  resource lookups using this strongly typed resource class.
</summary>
</member><member name="P:DateSelectControl.My.Resources.MainResource.ClientScript">
	<summary>
  Looks up a localized string similar to &lt;script language="javascript" type="text/javascript"&gt;
function {ScriptName}() {
  var isleapyear;
  var yearsel = document.all.{YearSelect};
  var monthsel = document.all.{MonthSelect};
	var daysel = document.all.{DaySelect};
  var year = yearsel.value;
  var month = monthsel.value;
  var day = daysel.value;
  if ((year % 4 == 0) &amp;&amp; ((year % 100 != 0) || (year % 400 == 0))) {
  	isleapyear = true;
  } else {
    isleapyear = false;
  }
  var monthes = new Array (31, (isleapyear == true) ? 29 [rest of string was truncated]";.
</summary>
</member><member name="T:DateSelectControl.My.Resources.MainResource">
	<summary>
  A strongly-typed resource class, for looking up localized strings, etc.
</summary>
</member><member name="P:DateSelectControl.DateSelect.Culture">
	<summary>
 Культура
 </summary>
</member><member name="P:DateSelectControl.DateSelect.DayStyle">
	<summary>
 Стиль элемента выбора дня, например: Style = "color:Red; background-color:Black"
 </summary>
</member><member name="P:DateSelectControl.DateSelect.MonthStyle">
	<summary>
 Стиль элемента выбора месяца, например: Style = "color:Red; background-color:Black"
 </summary>
</member><member name="P:DateSelectControl.DateSelect.YearStyle">
	<summary>
 Стиль элемента выбора года, например: Style = "color:Red; background-color:Black"
 </summary>
</member><member name="P:DateSelectControl.DateSelect.DayCssClass">
	<summary>
 Имя css-класса элемента выбора дня
 </summary>
</member><member name="P:DateSelectControl.DateSelect.MonthCssClass">
	<summary>
 Имя css-класса элемента выбора месяца
 </summary>
</member><member name="P:DateSelectControl.DateSelect.YearCssClass">
	<summary>
 Имя css-класса элемента выбора года
 </summary>
</member><member name="P:DateSelectControl.DateSelect.SelectedDate">
	<summary>
 Текущая дата
 </summary>
</member><member name="P:DateSelectControl.DateSelect.YearFrom">
	<summary>
 С какого года формировать список
 </summary>
</member><member name="P:DateSelectControl.DateSelect.YearTo">
	<summary>
 До какого года формировать список
 </summary>
</member>
</members>
</doc>